DROP DATABASE IF EXISTS blog;
CREATE DATABASE blog;
USE blog;

#
# TABLE STRUCTURE FOR: Author
#

DROP TABLE IF EXISTS `Author`;

CREATE TABLE `Author` (
  `id` int(11) NOT NULL AUTO_INCREMENT,
  `firstName` varchar(50) NOT NULL,
  `lastName` varchar(50) NOT NULL,
  `email` varchar(100) NOT NULL,
  `birthdate` date NOT NULL,
  `added` timestamp NOT NULL DEFAULT current_timestamp(),
  PRIMARY KEY (`id`),
  UNIQUE KEY `email` (`email`)
) ENGINE=InnoDB AUTO_INCREMENT=51 DEFAULT CHARSET=utf8mb3 COLLATE=utf8mb3_unicode_ci;

INSERT INTO `Author` (`id`, `firstName`, `lastName`, `email`, `birthdate`, `added`) VALUES (1, 'Johnathon', 'Ward', 'droberts@example.org', '2009-06-26', '1997-07-02 19:08:46');
INSERT INTO `Author` (`id`, `firstName`, `lastName`, `email`, `birthdate`, `added`) VALUES (2, 'Dan', 'McLaughlin', 'parker.felipa@example.org', '1984-10-30', '2005-04-10 14:34:57');
INSERT INTO `Author` (`id`, `firstName`, `lastName`, `email`, `birthdate`, `added`) VALUES (3, 'Cooper', 'Rolfson', 'torrey17@example.com', '2015-12-03', '1987-04-15 09:01:55');
INSERT INTO `Author` (`id`, `firstName`, `lastName`, `email`, `birthdate`, `added`) VALUES (4, 'Rhiannon', 'Jerde', 'deborah.sipes@example.org', '2011-05-26', '2016-03-04 20:49:53');
INSERT INTO `Author` (`id`, `firstName`, `lastName`, `email`, `birthdate`, `added`) VALUES (5, 'Jeremie', 'Crist', 'bashirian.hilda@example.org', '2016-02-16', '2011-01-17 13:51:25');
INSERT INTO `Author` (`id`, `firstName`, `lastName`, `email`, `birthdate`, `added`) VALUES (6, 'Vanessa', 'Beahan', 'alena.bergstrom@example.com', '1998-12-12', '1984-06-04 16:25:00');
INSERT INTO `Author` (`id`, `firstName`, `lastName`, `email`, `birthdate`, `added`) VALUES (7, 'Opal', 'Schulist', 'orpha.ryan@example.com', '2016-05-10', '1998-08-11 06:37:26');
INSERT INTO `Author` (`id`, `firstName`, `lastName`, `email`, `birthdate`, `added`) VALUES (8, 'Brionna', 'Hamill', 'cartwright.kenyatta@example.net', '1995-09-30', '2019-04-26 16:36:02');
INSERT INTO `Author` (`id`, `firstName`, `lastName`, `email`, `birthdate`, `added`) VALUES (9, 'Marta', 'McKenzie', 'nichole.johns@example.com', '1974-08-28', '2010-01-14 02:45:47');
INSERT INTO `Author` (`id`, `firstName`, `lastName`, `email`, `birthdate`, `added`) VALUES (10, 'Kasey', 'Runolfsson', 'lakin.lelia@example.org', '1977-04-27', '1995-07-17 03:02:45');
INSERT INTO `Author` (`id`, `firstName`, `lastName`, `email`, `birthdate`, `added`) VALUES (11, 'Scottie', 'Nolan', 'zeffertz@example.org', '2017-07-12', '1988-01-03 01:42:23');
INSERT INTO `Author` (`id`, `firstName`, `lastName`, `email`, `birthdate`, `added`) VALUES (12, 'Alvera', 'Abernathy', 'reyna70@example.com', '2020-03-19', '1981-08-05 19:00:02');
INSERT INTO `Author` (`id`, `firstName`, `lastName`, `email`, `birthdate`, `added`) VALUES (13, 'Ivy', 'Bahringer', 'wehner.marilyne@example.com', '2008-09-09', '2016-09-17 12:44:10');
INSERT INTO `Author` (`id`, `firstName`, `lastName`, `email`, `birthdate`, `added`) VALUES (14, 'Mya', 'Hettinger', 'gconsidine@example.net', '1985-02-20', '1982-01-23 07:07:12');
INSERT INTO `Author` (`id`, `firstName`, `lastName`, `email`, `birthdate`, `added`) VALUES (15, 'Payton', 'Ortiz', 'jamie80@example.org', '1976-09-26', '1992-03-23 15:24:32');
INSERT INTO `Author` (`id`, `firstName`, `lastName`, `email`, `birthdate`, `added`) VALUES (16, 'Ansel', 'Hahn', 'boehm.helmer@example.net', '1995-08-02', '1975-10-11 07:47:57');
INSERT INTO `Author` (`id`, `firstName`, `lastName`, `email`, `birthdate`, `added`) VALUES (17, 'Kyra', 'Langosh', 'katheryn.jones@example.org', '1984-09-28', '1991-02-26 17:26:37');
INSERT INTO `Author` (`id`, `firstName`, `lastName`, `email`, `birthdate`, `added`) VALUES (18, 'Harry', 'Hyatt', 'hailey32@example.com', '1978-11-05', '1991-01-17 22:26:17');
INSERT INTO `Author` (`id`, `firstName`, `lastName`, `email`, `birthdate`, `added`) VALUES (19, 'Shany', 'Lueilwitz', 'oledner@example.net', '2005-06-14', '1982-01-27 04:15:48');
INSERT INTO `Author` (`id`, `firstName`, `lastName`, `email`, `birthdate`, `added`) VALUES (20, 'Anika', 'Hagenes', 'lou34@example.org', '2006-02-25', '2002-05-18 03:57:09');
INSERT INTO `Author` (`id`, `firstName`, `lastName`, `email`, `birthdate`, `added`) VALUES (21, 'Kristina', 'Brown', 'zoila23@example.org', '2021-07-12', '1974-04-23 18:57:53');
INSERT INTO `Author` (`id`, `firstName`, `lastName`, `email`, `birthdate`, `added`) VALUES (22, 'Morris', 'Beier', 'wiza.sam@example.net', '1989-02-24', '2001-03-10 02:03:46');
INSERT INTO `Author` (`id`, `firstName`, `lastName`, `email`, `birthdate`, `added`) VALUES (23, 'Missouri', 'Kshlerin', 'upacocha@example.net', '1975-08-20', '1981-04-25 10:54:15');
INSERT INTO `Author` (`id`, `firstName`, `lastName`, `email`, `birthdate`, `added`) VALUES (24, 'Damon', 'Stroman', 'arvilla.lang@example.org', '1993-08-16', '1976-11-04 11:18:14');
INSERT INTO `Author` (`id`, `firstName`, `lastName`, `email`, `birthdate`, `added`) VALUES (25, 'Josefina', 'Price', 'usanford@example.com', '1973-08-28', '2002-06-20 14:45:51');
INSERT INTO `Author` (`id`, `firstName`, `lastName`, `email`, `birthdate`, `added`) VALUES (26, 'Jamaal', 'Okuneva', 'ankunding.margarette@example.org', '1984-03-06', '2013-12-01 12:15:03');
INSERT INTO `Author` (`id`, `firstName`, `lastName`, `email`, `birthdate`, `added`) VALUES (27, 'Holly', 'Weber', 'burdette35@example.org', '1992-08-16', '1975-05-22 11:14:04');
INSERT INTO `Author` (`id`, `firstName`, `lastName`, `email`, `birthdate`, `added`) VALUES (28, 'Jane', 'Franecki', 'annamae19@example.net', '2000-02-16', '1980-07-30 08:35:31');
INSERT INTO `Author` (`id`, `firstName`, `lastName`, `email`, `birthdate`, `added`) VALUES (29, 'Elenor', 'Mann', 'seamus.kulas@example.net', '2007-05-21', '1995-10-06 04:34:17');
INSERT INTO `Author` (`id`, `firstName`, `lastName`, `email`, `birthdate`, `added`) VALUES (30, 'Donna', 'Stroman', 'ymarquardt@example.net', '1977-10-29', '1994-10-30 03:08:52');
INSERT INTO `Author` (`id`, `firstName`, `lastName`, `email`, `birthdate`, `added`) VALUES (31, 'Krista', 'Jacobi', 'elizabeth.mann@example.net', '1995-09-17', '2019-07-24 06:09:39');
INSERT INTO `Author` (`id`, `firstName`, `lastName`, `email`, `birthdate`, `added`) VALUES (32, 'Mariam', 'Marks', 'harber.rickey@example.net', '1997-06-26', '2009-07-29 10:49:35');
INSERT INTO `Author` (`id`, `firstName`, `lastName`, `email`, `birthdate`, `added`) VALUES (33, 'Donato', 'Jast', 'orogahn@example.com', '2020-09-13', '2013-02-23 01:55:25');
INSERT INTO `Author` (`id`, `firstName`, `lastName`, `email`, `birthdate`, `added`) VALUES (34, 'Tomasa', 'Kuhlman', 'napoleon.king@example.com', '1979-03-09', '2021-12-29 23:18:42');
INSERT INTO `Author` (`id`, `firstName`, `lastName`, `email`, `birthdate`, `added`) VALUES (35, 'Alejandra', 'Bahringer', 'mueller.lafayette@example.org', '1995-12-17', '2008-03-31 12:26:39');
INSERT INTO `Author` (`id`, `firstName`, `lastName`, `email`, `birthdate`, `added`) VALUES (36, 'Green', 'Reichert', 'zella.huels@example.org', '2013-11-09', '1981-01-23 11:21:20');
INSERT INTO `Author` (`id`, `firstName`, `lastName`, `email`, `birthdate`, `added`) VALUES (37, 'Aglae', 'Williamson', 'qquigley@example.com', '1973-06-19', '2001-11-20 11:47:45');
INSERT INTO `Author` (`id`, `firstName`, `lastName`, `email`, `birthdate`, `added`) VALUES (38, 'Nova', 'Rolfson', 'windler.alison@example.org', '1998-03-26', '2003-07-14 21:04:06');
INSERT INTO `Author` (`id`, `firstName`, `lastName`, `email`, `birthdate`, `added`) VALUES (39, 'Juanita', 'Pouros', 'kuhn.jarvis@example.net', '2010-03-16', '1983-12-28 01:02:23');
INSERT INTO `Author` (`id`, `firstName`, `lastName`, `email`, `birthdate`, `added`) VALUES (40, 'Jerod', 'King', 'brown.williamson@example.com', '1978-08-14', '1991-06-10 17:31:11');
INSERT INTO `Author` (`id`, `firstName`, `lastName`, `email`, `birthdate`, `added`) VALUES (41, 'Mireille', 'Kutch', 'mcclure.johnny@example.com', '1984-05-11', '2004-11-18 08:11:04');
INSERT INTO `Author` (`id`, `firstName`, `lastName`, `email`, `birthdate`, `added`) VALUES (42, 'Tristin', 'Gislason', 'cassidy.jones@example.org', '2019-12-31', '1986-02-27 05:42:50');
INSERT INTO `Author` (`id`, `firstName`, `lastName`, `email`, `birthdate`, `added`) VALUES (43, 'Rebecca', 'O\'Connell', 'jarvis53@example.com', '2008-12-09', '2002-01-09 11:14:30');
INSERT INTO `Author` (`id`, `firstName`, `lastName`, `email`, `birthdate`, `added`) VALUES (44, 'Hoyt', 'Lakin', 'volkman.elody@example.net', '2016-08-19', '2000-07-11 17:26:45');
INSERT INTO `Author` (`id`, `firstName`, `lastName`, `email`, `birthdate`, `added`) VALUES (45, 'Gust', 'Bergstrom', 'thurman23@example.org', '1996-11-01', '1999-01-30 07:53:49');
INSERT INTO `Author` (`id`, `firstName`, `lastName`, `email`, `birthdate`, `added`) VALUES (46, 'Luz', 'Ondricka', 'jailyn.jakubowski@example.org', '1971-07-07', '1981-06-04 19:33:46');
INSERT INTO `Author` (`id`, `firstName`, `lastName`, `email`, `birthdate`, `added`) VALUES (47, 'Santino', 'Bernier', 'audrey.satterfield@example.net', '1993-03-10', '1994-08-27 22:42:55');
INSERT INTO `Author` (`id`, `firstName`, `lastName`, `email`, `birthdate`, `added`) VALUES (48, 'Alvis', 'Carter', 'zachary.blanda@example.org', '2022-06-14', '2004-09-16 03:30:20');
INSERT INTO `Author` (`id`, `firstName`, `lastName`, `email`, `birthdate`, `added`) VALUES (49, 'Emmitt', 'Ebert', 'cfarrell@example.net', '2004-01-09', '2010-01-31 07:21:06');
INSERT INTO `Author` (`id`, `firstName`, `lastName`, `email`, `birthdate`, `added`) VALUES (50, 'Clay', 'Crist', 'rowan97@example.net', '2014-07-06', '1993-09-23 08:51:47');


#
# TABLE STRUCTURE FOR: Post
#

DROP TABLE IF EXISTS `Post`;

CREATE TABLE `Post` (
  `id` int(11) NOT NULL AUTO_INCREMENT,
  `authorId` int(11) DEFAULT NULL,
  `title` varchar(255) NOT NULL,
  `description` varchar(500) NOT NULL,
  `content` text NOT NULL,
  `date` date NOT NULL,
  PRIMARY KEY (`id`)
) ENGINE=InnoDB AUTO_INCREMENT=101 DEFAULT CHARSET=utf8mb3 COLLATE=utf8mb3_unicode_ci;

INSERT INTO `Post` (`id`, `authorId`, `title`, `description`, `content`, `date`) VALUES (1, 1, 'Sed deserunt aut excepturi atque ad vel.', 'In velit molestias saepe possimus consectetur cupiditate. Magni voluptas dolor recusandae autem impedit voluptatem. Temporibus rerum at excepturi hic. Qui voluptas aut alias molestiae eos.', 'Velit quo fuga omnis. Et magnam eum et voluptatum maiores est. Facere nostrum nihil ab excepturi omnis dolorem laborum. Ad at ad veritatis aliquid molestias ipsam.', '2013-08-29');
INSERT INTO `Post` (`id`, `authorId`, `title`, `description`, `content`, `date`) VALUES (2, 2, 'Voluptatem voluptatem qui omnis rem reprehenderit distinctio molestiae.', 'Molestiae aut est optio explicabo beatae ipsa sunt ratione. A et harum ea natus id. Qui non quas ab omnis facere iusto voluptatem.', 'Quasi rerum earum sapiente odio asperiores. Blanditiis debitis inventore perferendis distinctio expedita ex. Consequuntur omnis est voluptatibus cumque aut maxime fugit.', '1974-03-10');
INSERT INTO `Post` (`id`, `authorId`, `title`, `description`, `content`, `date`) VALUES (3, 3, 'Rerum dolor molestias odio id a neque ipsa.', 'Ratione a recusandae et possimus corrupti dolorem. Dolor inventore laboriosam cupiditate nemo illum. Cumque quia consequatur optio quia sed voluptas quia.', 'Ipsa esse repellendus enim occaecati. Eos dolorem voluptates iure qui aliquam autem voluptatem. Voluptatibus quaerat aliquid magnam nisi nihil cupiditate molestiae quae.', '2011-06-03');
INSERT INTO `Post` (`id`, `authorId`, `title`, `description`, `content`, `date`) VALUES (4, 4, 'Sint aut quia ad animi voluptas iure.', 'Ut tempore laboriosam nihil dignissimos. Consequatur et sapiente reprehenderit consequatur. Blanditiis minus id qui dolorem et alias veritatis.', 'Inventore nam eum alias dolores. Vero omnis amet ut suscipit. In minus molestiae rerum facilis explicabo aut ut.', '2000-01-01');
INSERT INTO `Post` (`id`, `authorId`, `title`, `description`, `content`, `date`) VALUES (10, 10, 'Sit eaque blanditiis perferendis molestias.', 'Quaerat iste illum qui. Consequatur omnis ut quaerat neque. Necessitatibus dolores vitae voluptatem. Voluptatum laborum molestiae dolorum modi nihil repudiandae iste. Quaerat et alias odit vel autem aut ut.', 'Voluptas corporis a architecto maxime voluptate voluptatum. Adipisci veritatis quia accusamus ut. Molestias aut dicta est soluta sed quae veniam. Voluptatem doloribus dolores rem deserunt non ut.', '1990-08-29');
INSERT INTO `Post` (`id`, `authorId`, `title`, `description`, `content`, `date`) VALUES (11, 11, 'Debitis sunt magnam eum rerum.', 'Autem aut commodi laborum et debitis et numquam ab. Omnis commodi necessitatibus voluptatibus laboriosam rerum aut sint nisi. A placeat similique voluptate dignissimos optio eveniet magnam.', 'Vitae optio aut ut omnis quo quia expedita quibusdam. Quisquam accusantium quia voluptas possimus et. Necessitatibus dolorem iste quae saepe voluptatem natus. Eius et aperiam possimus ipsum.', '1996-11-19');
INSERT INTO `Post` (`id`, `authorId`, `title`, `description`, `content`, `date`) VALUES (12, 12, 'Voluptates et voluptates aut facere facilis earum voluptates.', 'Voluptatem accusamus tempore accusantium fugit rerum accusamus. Dolores delectus eius magni. Ipsa et cumque et natus iure architecto dolores sed.', 'In soluta recusandae occaecati temporibus. Qui velit nulla inventore. Dolores ullam deserunt sit excepturi assumenda.', '1980-10-12');
INSERT INTO `Post` (`id`, `authorId`, `title`, `description`, `content`, `date`) VALUES (13, 13, 'Fugit esse similique pariatur qui in quia omnis.', 'Sint pariatur suscipit enim perferendis reiciendis nobis et. Voluptate voluptate nobis voluptatem est. Numquam omnis est unde quibusdam.', 'Sit maxime quis est unde ad maxime. In culpa doloribus consequuntur.', '1988-09-10');
INSERT INTO `Post` (`id`, `authorId`, `title`, `description`, `content`, `date`) VALUES (14, 14, 'Vitae officia illo culpa fugit nulla alias.', 'Quas non praesentium commodi. Et ipsam id doloremque velit magni perspiciatis ea. Aspernatur rerum eum vitae. Officiis qui aut quia reiciendis et.', 'Aut dolore hic dolorem veritatis. Qui eos sed impedit sequi omnis nisi. Nostrum et cum adipisci laudantium recusandae laborum commodi.', '2002-07-03');
INSERT INTO `Post` (`id`, `authorId`, `title`, `description`, `content`, `date`) VALUES (15, 15, 'Ratione reprehenderit cumque sed libero soluta quisquam aliquid.', 'Et voluptatum dolorem sint sed ea hic blanditiis. Minima aut velit et soluta qui. Placeat ea eligendi tenetur illo.', 'Aut omnis et aperiam qui voluptas fugiat eveniet. Neque minima velit nemo fuga dolor quam dolore. Omnis aspernatur esse expedita enim est.', '1982-04-01');
INSERT INTO `Post` (`id`, `authorId`, `title`, `description`, `content`, `date`) VALUES (16, 16, 'Aperiam qui repudiandae natus nihil.', 'Animi culpa corrupti dolores repellendus. Fugit temporibus ut quia dolores numquam. Aspernatur quos deserunt itaque molestiae sit deleniti. Et consectetur sed rerum rerum voluptas fuga.', 'Temporibus totam inventore quas est sed quo. Dolorum sit iste et ullam. Voluptas iste nostrum omnis blanditiis. Deserunt deleniti quo nostrum harum qui voluptates esse.', '1984-08-04');
INSERT INTO `Post` (`id`, `authorId`, `title`, `description`, `content`, `date`) VALUES (17, 17, 'Reprehenderit facilis impedit quos sed illo vitae harum eos.', 'Nostrum qui rem iusto dolor. Rerum dicta eos consequuntur cumque rerum neque mollitia. Animi iusto itaque quibusdam earum. Praesentium deleniti exercitationem nihil.', 'Qui temporibus dolores odit sit voluptatem libero facilis rerum. Quis consequatur nobis vel labore. Sed blanditiis temporibus autem doloribus natus.', '1998-11-04');
INSERT INTO `Post` (`id`, `authorId`, `title`, `description`, `content`, `date`) VALUES (18, 18, 'Quidem libero in laborum repellendus non inventore sunt.', 'Est nobis aut sunt error quibusdam et et. Magni maiores dolorum ea doloribus consequatur quae praesentium. Totam sit est cum provident qui corporis.', 'Et iste cupiditate eligendi. Eos consequatur quis magnam doloremque quia. Vitae nobis culpa ea voluptatum labore autem. Nemo nemo consequatur voluptas est nam in iusto.', '2013-10-20');
INSERT INTO `Post` (`id`, `authorId`, `title`, `description`, `content`, `date`) VALUES (19, 19, 'Rerum molestias quos quos reprehenderit aut.', 'Cupiditate est autem quos quae necessitatibus vel qui. Eius eveniet enim non velit possimus enim nam. Consequatur rerum perferendis sint est quo non exercitationem similique. Fugit est veritatis molestiae saepe laboriosam modi.', 'Id debitis porro nisi quod cum adipisci. Quia placeat rerum quia asperiores quaerat non. Sint libero est quis aut.', '2014-05-06');
INSERT INTO `Post` (`id`, `authorId`, `title`, `description`, `content`, `date`) VALUES (20, 20, 'Dolore dicta eaque architecto consectetur a quia voluptatem iusto.', 'Voluptatem soluta sapiente nemo. Qui tenetur aut consequatur cum qui. Necessitatibus ipsam reiciendis dolor molestias debitis sit sunt eaque.', 'Reiciendis in quam nobis incidunt. Rerum ab perferendis aut velit ipsa eum pariatur. Et hic ex enim.', '1996-07-14');
INSERT INTO `Post` (`id`, `authorId`, `title`, `description`, `content`, `date`) VALUES (21, 21, 'Et est aspernatur vitae inventore.', 'Voluptatem repellendus voluptatem expedita harum sed fugit explicabo nostrum. Maiores nesciunt odio hic suscipit. Dolor saepe quisquam voluptates quis iste voluptatem.', 'Eos numquam laboriosam omnis incidunt. Animi debitis sint qui ut architecto natus quo. Sit iusto et consectetur voluptatum tenetur. Facilis quia quia explicabo quos.', '2001-11-26');
INSERT INTO `Post` (`id`, `authorId`, `title`, `description`, `content`, `date`) VALUES (22, 22, 'Facere fugit excepturi et aperiam inventore quidem.', 'Qui et tempora esse voluptates. Aut nostrum consequuntur nam vel. Consectetur nobis aliquam qui ut.', 'A et voluptas alias ratione et corrupti mollitia. Minus eos ipsam fugit earum cum quis. Inventore quis non numquam nihil.', '1979-11-23');
INSERT INTO `Post` (`id`, `authorId`, `title`, `description`, `content`, `date`) VALUES (23, 104, 'Officia dolorum consequatur quia et.', 'Occaecati non cum sunt aut. Culpa quasi repudiandae sit totam. Omnis ducimus fugiat sed quam. Saepe perferendis delectus adipisci soluta et maxime aut.', 'Et culpa repellat nulla inventore omnis. Sed sapiente et vel quis. Consequuntur est aut nisi occaecati. Asperiores aperiam illum et rem molestias ut aliquid et.', '1979-11-22');
INSERT INTO `Post` (`id`, `authorId`, `title`, `description`, `content`, `date`) VALUES (24, 24, 'Ex quidem et in quia ab omnis neque.', 'Aut recusandae sit mollitia error voluptatem et et ipsam. Doloribus est deserunt et facere. Est inventore amet deleniti cumque. Eveniet dolores consequatur labore sed. Est aut quasi suscipit maxime harum molestiae.', 'Vel sed et repellendus omnis ipsam id minima dolores. Nesciunt autem corrupti accusamus perspiciatis blanditiis tempora eligendi. Eos est et aut dolorum deserunt omnis ut.', '1984-09-04');
INSERT INTO `Post` (`id`, `authorId`, `title`, `description`, `content`, `date`) VALUES (25, 25, 'Libero et et ut deleniti qui deserunt.', 'Quos ut porro et est quibusdam sunt consequatur. Voluptatibus ea non ipsum eius.', 'Quod vero et rem ipsa. Magnam magni et rerum voluptatibus consequatur minus quidem. Autem quibusdam quo aliquid necessitatibus. Nihil ducimus adipisci beatae vel.', '2015-02-08');
INSERT INTO `Post` (`id`, `authorId`, `title`, `description`, `content`, `date`) VALUES (26, 26, 'Saepe officia ipsam perspiciatis delectus consequatur qui aut.', 'Non delectus natus repudiandae dolores autem et laboriosam. Est maiores est iure ut perferendis. Quasi praesentium nisi sed nesciunt doloribus veritatis.', 'Vitae ex ut eum in quibusdam amet. Non ipsam ratione voluptatibus velit vel. Accusantium ullam minima tenetur magnam deserunt doloribus.', '2009-07-17');
INSERT INTO `Post` (`id`, `authorId`, `title`, `description`, `content`, `date`) VALUES (27, 27, 'A itaque accusantium ut et est accusantium iure.', 'A omnis dolorum incidunt labore cupiditate quod. Numquam id iure et unde. Et dignissimos sit est deserunt iste aut velit deserunt.', 'Minima amet ad minima nam et. Nisi aut cum ea saepe ipsum aliquam officia. Repudiandae iste in distinctio facilis fuga in. Qui laboriosam voluptas ex omnis. Nostrum et esse placeat consequatur.', '2010-04-10');
INSERT INTO `Post` (`id`, `authorId`, `title`, `description`, `content`, `date`) VALUES (28, 102, 'Et autem ut cumque.', 'Nesciunt non voluptatum rerum provident iste tempore quam. Repellendus blanditiis cupiditate natus. Ut quibusdam odit eligendi voluptatem voluptatum. Ipsa tempore voluptates impedit atque et ea. Vel ut velit quaerat sapiente et est.', 'Ut alias eius et laborum facilis sapiente expedita a. Non vel ducimus consequatur saepe repellendus fugiat consequatur. Quia illum magnam harum magni porro.', '2011-07-30');
INSERT INTO `Post` (`id`, `authorId`, `title`, `description`, `content`, `date`) VALUES (29, 29, 'Pariatur autem qui suscipit nobis.', 'Illum unde et quasi ut enim. Dolore saepe illo molestiae deserunt consequatur illo odio. Omnis saepe ut minima laboriosam porro. Nobis harum explicabo provident voluptatem sequi possimus dolores.', 'Id alias molestiae qui fuga non id omnis. Itaque dolorem esse sunt nesciunt repellendus sint explicabo. Iure quam dolorum ad iure ullam maiores mollitia est.', '2002-07-26');
INSERT INTO `Post` (`id`, `authorId`, `title`, `description`, `content`, `date`) VALUES (30, 30, 'Ut non incidunt nemo qui ullam cupiditate dolor.', 'Esse dolorum aliquam pariatur debitis non eveniet. Totam illum ut non numquam doloribus. Occaecati a qui ut soluta.', 'Quo voluptates cum voluptates dolores dicta veritatis. Facere reiciendis quas repellat in consequatur architecto alias sit. Aut qui tempora libero quae dignissimos.', '2008-05-26');
INSERT INTO `Post` (`id`, `authorId`, `title`, `description`, `content`, `date`) VALUES (31, 31, 'Accusantium fuga qui saepe eligendi.', 'Molestiae esse et eum velit id. Voluptas nulla neque labore consequuntur quaerat. Et quo qui et omnis nobis sunt consectetur. Iusto culpa harum et.', 'Porro illo in illo fugiat. Quod cumque doloremque et sequi et.', '2020-07-22');
INSERT INTO `Post` (`id`, `authorId`, `title`, `description`, `content`, `date`) VALUES (32, 32, 'Esse facilis nam expedita molestias.', 'Autem excepturi et aperiam modi. Nemo in quibusdam autem in tenetur non eaque. Veniam suscipit totam rerum sit. Ut alias quo dolorem eos.', 'Est enim accusamus natus nihil quis. Fugiat excepturi mollitia eveniet provident. Voluptas adipisci et recusandae rerum.', '2024-01-19');
INSERT INTO `Post` (`id`, `authorId`, `title`, `description`, `content`, `date`) VALUES (33, 33, 'Tempora itaque occaecati quibusdam.', 'Iusto minus excepturi autem atque quis. Facere ea magni maxime non. Perferendis aliquid et vel omnis voluptatem cupiditate reprehenderit. Laudantium alias atque ducimus perferendis.', 'Reiciendis aut ad dolore id assumenda. Voluptatem est incidunt autem voluptatem asperiores voluptas. Eos molestiae velit quis sint.', '1979-01-07');
INSERT INTO `Post` (`id`, `authorId`, `title`, `description`, `content`, `date`) VALUES (34, 34, 'Dignissimos delectus sit suscipit et omnis ipsum saepe.', 'Vero ex eos ex ex tempora in itaque. Et suscipit ipsam iure et nihil laboriosam nostrum.', 'Et enim accusantium eum optio quis error. Enim tempora velit ea qui. Quod officia est aperiam praesentium aut. Officiis earum consectetur eligendi iste voluptatem ad.', '2018-01-19');
INSERT INTO `Post` (`id`, `authorId`, `title`, `description`, `content`, `date`) VALUES (35, 35, 'Labore voluptates rerum voluptatum nihil beatae dolor.', 'Quos voluptatem exercitationem quisquam est. Voluptas ut provident est excepturi omnis neque enim. Voluptates ab expedita omnis praesentium labore deleniti expedita. Ullam et eveniet sint nihil laborum asperiores.', 'Recusandae in quis quod rerum laborum aut deserunt iusto. Magnam odio dignissimos numquam nemo. Autem consequatur dolor ipsa assumenda vero animi.', '2000-07-21');
INSERT INTO `Post` (`id`, `authorId`, `title`, `description`, `content`, `date`) VALUES (36, 36, 'Quo non odio dolores reiciendis modi ut.', 'Veniam nulla reprehenderit possimus rerum. Nihil accusamus minima praesentium mollitia.', 'Similique temporibus esse voluptate veniam pariatur. Porro voluptatem et pariatur nostrum. Nihil libero recusandae quaerat officia.', '2004-12-02');
INSERT INTO `Post` (`id`, `authorId`, `title`, `description`, `content`, `date`) VALUES (37, 37, 'Cum ullam esse ea asperiores.', 'Voluptas omnis itaque veritatis quisquam aut similique. Aut cum id iure dolor iste id. Voluptatibus totam iusto totam sed et et. Perferendis et distinctio rerum non maxime modi est.', 'Labore omnis placeat vel illo. Consequatur ad voluptatem explicabo similique quia ipsa. Aut aliquid quis fugiat harum sequi.', '2011-01-16');
INSERT INTO `Post` (`id`, `authorId`, `title`, `description`, `content`, `date`) VALUES (38, 38, 'Eius ducimus eum possimus delectus odit repellendus quas.', 'Eos et aut ipsa molestias omnis autem. Inventore impedit optio a consequatur accusantium aliquam.', 'Fugit rerum deleniti reiciendis animi. Incidunt sit repudiandae ut eos nobis officiis consequatur. Sed a veniam ullam. Reiciendis dolorem placeat delectus quae.', '1989-06-12');
INSERT INTO `Post` (`id`, `authorId`, `title`, `description`, `content`, `date`) VALUES (39, 101, 'Sit tempora sit voluptatem vitae debitis qui.', 'Aut esse repudiandae consequatur soluta id autem. Adipisci ab dignissimos earum vel sint neque. Voluptatum consectetur ut numquam temporibus hic et cumque. Omnis aut atque quaerat quibusdam voluptatem.', 'Asperiores ut dolor ducimus id rerum laboriosam amet. Nihil possimus est et est rerum illo nesciunt. Est facilis modi saepe quos ut.', '1997-10-05');
INSERT INTO `Post` (`id`, `authorId`, `title`, `description`, `content`, `date`) VALUES (40, 40, 'Alias illo odit corrupti laudantium temporibus accusantium harum.', 'Modi non quasi minus nihil voluptates atque sed. Repudiandae perferendis cumque molestiae est et. Sint nobis vel nisi qui aperiam nulla culpa quo. Illo quasi tenetur et. Enim inventore omnis non.', 'Eius et autem ad. Quia amet iure voluptas sapiente voluptas. Eveniet ut facilis aut iste ut qui. Voluptas rerum quia adipisci qui.', '2021-01-06');
INSERT INTO `Post` (`id`, `authorId`, `title`, `description`, `content`, `date`) VALUES (41, 41, 'Molestias vitae deserunt voluptatem commodi cupiditate.', 'Omnis voluptate perferendis non repellat aspernatur atque modi. Vitae sed earum doloremque laborum fugit occaecati cupiditate. Quae voluptas debitis aspernatur.', 'Dolorem quia sint occaecati vel est. Corrupti eaque nisi quia. Magnam consequuntur et maxime et nulla quam odit. Accusantium qui velit molestiae voluptatum quaerat corrupti.', '1971-07-13');
INSERT INTO `Post` (`id`, `authorId`, `title`, `description`, `content`, `date`) VALUES (42, 42, 'Deserunt voluptas omnis quo architecto dicta quibusdam alias ut.', 'Ad possimus et harum quisquam. Repellendus maxime iusto voluptatibus harum et aperiam. Et omnis facere adipisci aut sequi id praesentium. Est consectetur autem nemo dignissimos. Quaerat eveniet et earum nostrum labore.', 'Atque deserunt esse voluptatem harum non. Ipsa quis est minus aut qui. Distinctio vero voluptatum commodi sunt quibusdam est rerum.', '1989-10-13');
INSERT INTO `Post` (`id`, `authorId`, `title`, `description`, `content`, `date`) VALUES (43, 43, 'Impedit voluptatem ipsum voluptas maxime aut et voluptate consequatur.', 'Magnam quis in cumque qui ad quis. Magni fuga sunt officiis.', 'Perferendis cupiditate non provident quis nam. Assumenda vitae voluptatibus voluptatibus quae inventore ad doloribus. Assumenda quos tenetur reprehenderit.', '1973-08-15');
INSERT INTO `Post` (`id`, `authorId`, `title`, `description`, `content`, `date`) VALUES (44, 103, 'Temporibus rerum architecto debitis et placeat voluptas voluptas.', 'Illo laborum aliquid in ad eveniet quos cupiditate corporis. Et earum voluptatem reprehenderit. Inventore non adipisci autem dolorem.', 'Ullam veniam quia autem quibusdam tenetur eum. Incidunt quae tempora porro adipisci in natus atque. Voluptate accusamus provident dolorum explicabo voluptatem illo aut.', '1977-11-25');
INSERT INTO `Post` (`id`, `authorId`, `title`, `description`, `content`, `date`) VALUES (45, 45, 'Vitae voluptatem omnis ut consequatur ea autem inventore.', 'Inventore rerum labore illum officiis. Cumque aut ad nulla quam. Voluptas nobis ullam sunt autem aut suscipit aspernatur. Consectetur voluptatum accusamus enim ratione et.', 'Est doloremque voluptas et sit iste quisquam. Dolorum eius porro nisi impedit in. Iste voluptatem et exercitationem.', '1985-06-15');
INSERT INTO `Post` (`id`, `authorId`, `title`, `description`, `content`, `date`) VALUES (46, 46, 'Quia aut soluta provident ea molestiae.', 'Aut debitis est qui animi et assumenda et. Sunt quo sit facilis reiciendis aut animi. Totam quae asperiores ut ad quibusdam voluptas. Atque dolores nisi quod.', 'Eligendi sunt at et. Cumque laboriosam et aspernatur ipsam maiores repellat. Numquam necessitatibus velit soluta et provident amet fugit.', '2017-05-27');
INSERT INTO `Post` (`id`, `authorId`, `title`, `description`, `content`, `date`) VALUES (47, 47, 'Ea ut at unde deleniti libero adipisci ut.', 'Quas fuga est consectetur qui. Rerum deserunt alias nihil et modi laborum omnis consequatur. Enim in asperiores doloribus nesciunt facilis voluptatibus rem.', 'Explicabo corporis velit suscipit eos. Porro id occaecati soluta. Facilis iure aliquam ducimus id quod nostrum qui officiis.', '2001-05-29');
INSERT INTO `Post` (`id`, `authorId`, `title`, `description`, `content`, `date`) VALUES (48, 48, 'Et suscipit natus accusantium ut.', 'Debitis voluptatem voluptatem aut autem sed ullam. Qui corporis harum ipsam corporis aut debitis facere. Sint laboriosam molestiae ut vitae.', 'Et blanditiis autem nobis qui expedita. Est qui repudiandae earum omnis ullam quod. Error est et animi rerum minima cupiditate. Architecto qui at eligendi facilis reiciendis.', '2013-07-08');
INSERT INTO `Post` (`id`, `authorId`, `title`, `description`, `content`, `date`) VALUES (49, 49, 'At nisi incidunt nobis quia dolores.', 'Dolor vitae placeat numquam voluptatem error et totam. Id ipsa pariatur qui nobis. Minus facere et qui dolorum vel. Sapiente velit voluptatem deleniti accusantium soluta aut ratione. Corporis et sint quo suscipit.', 'Ut nemo quas nulla laborum sunt. Et cupiditate earum enim nisi tempora iste. Earum velit numquam sed eum delectus illo.', '2017-07-17');
INSERT INTO `Post` (`id`, `authorId`, `title`, `description`, `content`, `date`) VALUES (50, 50, 'Aut temporibus vitae aut et quibusdam.', 'Ut magnam est consequuntur delectus reprehenderit laborum nisi a. Ut et quae cumque similique explicabo doloremque. Eum autem ratione et fugiat aut similique. Quis eum ea quo repudiandae illum assumenda.', 'Voluptas ipsa odit dicta nobis tenetur qui. Assumenda dignissimos aspernatur est quisquam illo odit corporis libero. Blanditiis modi voluptas molestiae debitis. Magnam at animi est harum.', '2006-12-22');
INSERT INTO `Post` (`id`, `authorId`, `title`, `description`, `content`, `date`) VALUES (51, 1, 'Sint aut est est quibusdam tempore delectus vero.', 'Aliquam quia nihil architecto pariatur sunt omnis nostrum. At et unde ad aut similique. Incidunt veritatis fugiat culpa non.', 'Aliquid est minima vel impedit fugit fugiat. Quis non magnam eius quibusdam. Non eum eius est similique. Sapiente dicta dolorum sed aut et ut eos ratione.', '1972-06-22');
INSERT INTO `Post` (`id`, `authorId`, `title`, `description`, `content`, `date`) VALUES (52, 2, 'Quos et aliquam voluptas et tempora consequatur dolores et.', 'Ea esse omnis amet iste. Repudiandae eos earum ut quod a. Molestiae facilis aut voluptas neque et.', 'Blanditiis ut omnis impedit possimus voluptatum dolores hic. Ipsam laboriosam accusamus vitae. Tempora laboriosam hic deserunt. Est aut qui laboriosam deserunt numquam.', '1982-07-19');
INSERT INTO `Post` (`id`, `authorId`, `title`, `description`, `content`, `date`) VALUES (53, 3, 'Neque debitis et sint.', 'Quasi dolore officia odit reiciendis deleniti ullam dignissimos. Iste eligendi odit dolorem velit consectetur officia. Quia voluptatem non est tempore maiores ut.', 'Deleniti libero exercitationem molestias consequatur nisi sit temporibus. Accusamus sequi nam nobis esse temporibus qui ea. Quis qui qui qui qui.', '1983-07-02');
INSERT INTO `Post` (`id`, `authorId`, `title`, `description`, `content`, `date`) VALUES (54, 4, 'Asperiores saepe adipisci ut eos.', 'Dolore amet totam ratione architecto eius doloribus. Voluptatem suscipit in facilis est. Vel atque est officiis eveniet aspernatur rerum quibusdam. Qui quo molestiae ut voluptas dolorem.', 'Maxime qui nulla nemo voluptas ut et cumque voluptatem. Perspiciatis quia magni non incidunt voluptas rerum. Natus doloremque eos qui et nihil pariatur possimus.', '1976-10-19');
INSERT INTO `Post` (`id`, `authorId`, `title`, `description`, `content`, `date`) VALUES (55, 5, 'Accusamus nemo voluptatem omnis quos molestiae rerum alias.', 'Maiores aperiam expedita error aspernatur rerum. Voluptatem et voluptatem velit voluptas fugit. Maiores omnis est enim quos ab autem.', 'Veritatis minus aut fugit et commodi aut. Perferendis consectetur repellendus et consectetur earum similique at. Inventore dolores sint explicabo repudiandae neque et explicabo.', '2016-12-11');
INSERT INTO `Post` (`id`, `authorId`, `title`, `description`, `content`, `date`) VALUES (56, 6, 'Molestiae reiciendis sit quaerat eos nulla aut.', 'Autem beatae molestias labore eos. Enim nostrum ea ducimus.', 'Ea sequi quae est earum. Odit aliquam soluta quo cumque quibusdam. Aut atque architecto sit ea culpa.', '1987-08-13');
INSERT INTO `Post` (`id`, `authorId`, `title`, `description`, `content`, `date`) VALUES (57, 7, 'Sit non qui sint ut qui incidunt.', 'Ea quisquam et vero explicabo itaque. Cum id hic aut libero iusto ea soluta. Facere hic est numquam dicta reiciendis. Repudiandae iure ut nisi nam dolores aut.', 'Architecto molestiae rerum animi non qui harum inventore. Assumenda molestias harum nam alias et dolorum. Sed itaque qui neque voluptate. Sit sed dolorem sed dolorem maiores.', '2003-10-11');
INSERT INTO `Post` (`id`, `authorId`, `title`, `description`, `content`, `date`) VALUES (58, 8, 'Id hic qui voluptatem esse architecto quis mollitia.', 'Magni velit dolores aliquam voluptatem quae rerum iure. Molestiae sit animi quia nihil porro ipsum error. Beatae aperiam repellat est aut.', 'Impedit suscipit impedit aut. Doloremque voluptatem est iure aut. Est saepe unde excepturi optio ex. Voluptas voluptatem id sequi sint voluptatem eos.', '1980-05-17');
INSERT INTO `Post` (`id`, `authorId`, `title`, `description`, `content`, `date`) VALUES (59, 9, 'Veritatis omnis eum dignissimos ullam.', 'Quae enim maiores ratione nesciunt. At molestias eaque minima qui est provident. Est aut voluptatem et.', 'Ea est doloremque debitis veritatis. Nostrum veritatis omnis natus consectetur perspiciatis est vel. Cupiditate nihil ut quisquam asperiores hic.', '1985-08-25');
INSERT INTO `Post` (`id`, `authorId`, `title`, `description`, `content`, `date`) VALUES (60, 10, 'Possimus nisi consequatur sint perspiciatis est.', 'Aliquam est illo impedit aspernatur explicabo laudantium. Voluptas temporibus nemo magnam ut non et. Neque odit aut in et sequi. Quis in id incidunt corrupti non ratione iure quo. Autem est maxime quam repellat et.', 'Repudiandae quod quo porro fugiat debitis. Ut sit quasi tempore inventore eveniet assumenda excepturi sint. Consectetur sapiente sit ullam rerum amet. Deleniti cum qui in et.', '1980-03-07');
INSERT INTO `Post` (`id`, `authorId`, `title`, `description`, `content`, `date`) VALUES (61, 11, 'Quo quas aliquam magni cumque sint quam molestias.', 'Est doloribus ut et possimus voluptas blanditiis. Occaecati molestiae accusamus deleniti eos quo.', 'Voluptatem at cum cum facilis ea. Architecto at quo aut rerum vitae quia quae. Non sapiente id occaecati consequatur similique quibusdam consequatur.', '1980-10-16');
INSERT INTO `Post` (`id`, `authorId`, `title`, `description`, `content`, `date`) VALUES (62, 12, 'Ducimus cumque expedita amet excepturi aut magnam.', 'Labore voluptatum et esse similique enim. Ipsum fugit hic maiores praesentium perferendis itaque officiis minus. Nam sequi dignissimos sed recusandae et. Nesciunt voluptates qui quaerat quae ducimus similique.', 'Tempora modi et et quam officia saepe ullam. Autem dolorum aut enim ad et dolor consequatur. Minima sapiente et ducimus laboriosam earum nostrum.', '1993-02-27');
INSERT INTO `Post` (`id`, `authorId`, `title`, `description`, `content`, `date`) VALUES (63, 13, 'Doloribus quia non eum eum laudantium.', 'Aut et non quis optio nihil ut ut. Sequi rem quas expedita molestiae. Magnam est aut itaque nihil sit reiciendis.', 'Qui reprehenderit doloribus culpa. Illo hic voluptatem quos et impedit dolores. Sint illo sint doloribus iure.', '2020-12-17');
INSERT INTO `Post` (`id`, `authorId`, `title`, `description`, `content`, `date`) VALUES (64, 14, 'Nisi quia dolores sed voluptas quisquam est.', 'Sed consectetur illo qui amet nulla ut fugiat nesciunt. Qui officiis non eligendi enim fugit consequatur. Recusandae cupiditate eaque illum consequatur consequatur.', 'Consequatur velit dignissimos odio. Dolorem aliquam nulla aut dolor perferendis ex suscipit eligendi. Omnis tenetur voluptatem aut rem ut. Impedit qui porro cumque voluptatibus non.', '1994-12-06');
INSERT INTO `Post` (`id`, `authorId`, `title`, `description`, `content`, `date`) VALUES (65, 15, 'Suscipit laudantium nulla possimus aut.', 'Aut maxime voluptatem et quia placeat placeat qui. Rerum soluta voluptatem veniam voluptas eum consequatur. Eligendi accusamus provident et explicabo. Ut aut est id aut autem omnis quos eveniet.', 'Mollitia ab fuga labore est quisquam explicabo incidunt. Et ut iusto mollitia magnam quo labore. Sed asperiores voluptatum atque vero enim eveniet.', '2008-04-11');
INSERT INTO `Post` (`id`, `authorId`, `title`, `description`, `content`, `date`) VALUES (66, 16, 'Quisquam deleniti minima non.', 'Accusamus voluptatem voluptas iure ipsa sed sapiente. Et corporis neque quo perspiciatis eos aut odit. Quasi omnis ab qui earum. Et neque corporis perferendis quis vel ut et dolore.', 'Sint adipisci incidunt est fugiat porro et. Reiciendis non harum optio. Enim quis velit modi provident.', '1990-10-24');
INSERT INTO `Post` (`id`, `authorId`, `title`, `description`, `content`, `date`) VALUES (67, 17, 'Eum maiores asperiores ut et excepturi nulla officia veritatis.', 'Exercitationem ut et quis nisi veritatis et illum totam. Nesciunt autem voluptatibus officia vitae dignissimos magni dolor qui. Totam sed exercitationem sit eum vel.', 'Error nemo dolor distinctio unde pariatur hic. Odit ut facilis maiores saepe dolorum. Et voluptate enim nihil molestias molestias deserunt.', '1979-08-17');
INSERT INTO `Post` (`id`, `authorId`, `title`, `description`, `content`, `date`) VALUES (68, 18, 'Eveniet sint tempora porro.', 'Culpa similique nesciunt quae tempora quae laboriosam ea laudantium. Aut inventore quas quidem aut aut consequatur ducimus. Minus veritatis asperiores quia quod assumenda. Placeat nobis voluptatem consequatur aut iure consequatur.', 'Amet mollitia deserunt totam enim veniam quia. Voluptatem voluptatem officiis neque rerum.', '1970-09-09');
INSERT INTO `Post` (`id`, `authorId`, `title`, `description`, `content`, `date`) VALUES (69, 19, 'Provident consequatur minima dicta et maiores.', 'Laudantium adipisci sit non quia ab. Voluptas qui expedita ducimus eaque dolore alias. Aliquam voluptate voluptatem sint saepe voluptatem qui consequatur. Accusamus similique velit officiis consectetur. Ad ut aperiam asperiores est.', 'Qui laudantium odit cupiditate. At et atque distinctio aut qui impedit. Sed in est sed. Reiciendis laudantium voluptas accusamus excepturi sapiente temporibus consequatur.', '2020-08-10');
INSERT INTO `Post` (`id`, `authorId`, `title`, `description`, `content`, `date`) VALUES (70, 20, 'Ab modi ea voluptates qui tempore.', 'Excepturi aut eum eius. Perferendis earum modi ut modi ipsa libero et. Eos eaque excepturi id in vel facere.', 'Tenetur explicabo id aut. Maxime eum rem laborum cupiditate iusto. Id aperiam voluptatibus voluptate debitis quo soluta.', '1978-03-07');
INSERT INTO `Post` (`id`, `authorId`, `title`, `description`, `content`, `date`) VALUES (71, 21, 'Fuga et quasi pariatur aliquid quas.', 'Sapiente earum numquam qui ea est excepturi. Molestiae tenetur ut rerum rem.', 'Occaecati inventore possimus non voluptas. Quis esse dolores consequatur. Praesentium modi soluta dolorem dolores adipisci vel consequatur autem.', '2010-09-10');
INSERT INTO `Post` (`id`, `authorId`, `title`, `description`, `content`, `date`) VALUES (72, 22, 'Eius sapiente eaque vel id sunt reprehenderit.', 'Nemo voluptatem quia placeat laboriosam dolorum. Reiciendis doloremque quis nostrum similique quia et. Iste quas officiis laboriosam et.', 'Sunt quasi at beatae assumenda temporibus. Unde voluptatem asperiores voluptatem velit temporibus. Voluptatem culpa beatae sit voluptatibus.', '1985-03-28');
INSERT INTO `Post` (`id`, `authorId`, `title`, `description`, `content`, `date`) VALUES (73, NULL, 'Repellendus ad et est autem dolores mollitia.', 'Nostrum est temporibus vitae amet reiciendis delectus qui. Aut corporis delectus nam nostrum dolores voluptas. Molestias perspiciatis dolor vel qui dolorem dolor. Doloribus consequatur molestiae repellat est. Corporis et cumque nam et.', 'Voluptatem quia et qui non animi. Adipisci aut accusantium reiciendis esse sed voluptatum voluptas. Rerum aut qui quidem et nobis. Et neque nihil aut reprehenderit eos ex quo.', '1985-03-09');
INSERT INTO `Post` (`id`, `authorId`, `title`, `description`, `content`, `date`) VALUES (74, 24, 'Ipsum omnis ex numquam nemo nesciunt sed.', 'Repellendus tempora error ex illum placeat et. Similique cum et a quam qui. Hic ea suscipit adipisci est at hic reprehenderit.', 'Ad quo non ea non perspiciatis rem eum. Voluptas distinctio sunt asperiores quae nihil ipsam. Quia beatae aut explicabo ut aut tenetur.', '2014-03-24');
INSERT INTO `Post` (`id`, `authorId`, `title`, `description`, `content`, `date`) VALUES (75, 25, 'Voluptates et sed nobis quasi nesciunt itaque expedita qui.', 'Et rerum omnis neque excepturi expedita enim facere est. Libero pariatur eum voluptatem vel delectus dicta voluptatem dolores. Molestiae aut et ad qui. Voluptatem velit aut voluptas.', 'Nobis voluptatem itaque maiores consequuntur. Quisquam quia accusamus quae. Aut delectus ullam delectus exercitationem in asperiores a doloremque.', '1990-09-28');
INSERT INTO `Post` (`id`, `authorId`, `title`, `description`, `content`, `date`) VALUES (76, 26, 'Repellat iure iste quaerat alias ut et.', 'Vel iste molestiae odio omnis et sunt. Quidem eaque repellat omnis et. Sit tempora ut omnis maiores modi debitis sed.', 'Voluptatem sunt dicta commodi placeat. Assumenda a eos quae magni quo. Ratione omnis officia tempore eaque necessitatibus. Tenetur laboriosam aut cum sed quo.', '2004-07-09');
INSERT INTO `Post` (`id`, `authorId`, `title`, `description`, `content`, `date`) VALUES (77, 27, 'Qui autem dolor sunt neque.', 'Tenetur adipisci voluptas suscipit. Maxime nulla sapiente sequi a quibusdam soluta in. Maiores dolorem animi dolorum voluptate at sunt qui porro.', 'Repellat quisquam beatae non excepturi minima reprehenderit omnis pariatur. Quisquam aut reprehenderit sapiente blanditiis.', '1984-05-12');
INSERT INTO `Post` (`id`, `authorId`, `title`, `description`, `content`, `date`) VALUES (78, NULL, 'Quia est quod repellat sit et soluta.', 'Placeat necessitatibus nesciunt ad rerum ducimus. At ad quia exercitationem vel officiis. Aliquid et autem dolorem qui corrupti.', 'Nihil aut error at. Et explicabo sed est enim ut. Amet est iure blanditiis perferendis asperiores voluptatibus. Consequatur iste harum harum corrupti.', '2019-05-23');
INSERT INTO `Post` (`id`, `authorId`, `title`, `description`, `content`, `date`) VALUES (79, 29, 'Necessitatibus veniam sint omnis nesciunt qui ea aliquid.', 'Rerum at voluptas assumenda. In saepe unde quisquam eum repellat id. Neque minus sunt est asperiores. Consequuntur et laudantium laboriosam quasi consectetur voluptatem nesciunt. Magni adipisci amet sunt deleniti.', 'Rem ut excepturi non inventore eum qui est. Totam et accusantium consequatur atque voluptas minima. Pariatur maiores facilis itaque est. Et eveniet eum eum dolor.', '1973-03-19');
INSERT INTO `Post` (`id`, `authorId`, `title`, `description`, `content`, `date`) VALUES (80, 30, 'Est et iure neque est.', 'Cum velit qui distinctio corporis saepe. Illo est blanditiis eum delectus labore. Id ratione aut corrupti at. Recusandae similique voluptatem quae et quia eos consequuntur consequatur.', 'Ullam ad quos omnis rem eos corporis. Eos id velit ad explicabo qui libero. Adipisci quam dolore et odio.', '1988-10-28');
INSERT INTO `Post` (`id`, `authorId`, `title`, `description`, `content`, `date`) VALUES (81, 31, 'Laudantium eos et eveniet qui quis.', 'Tenetur est nulla voluptates. Adipisci harum voluptatem natus ad eum natus omnis.', 'Itaque unde voluptatem fugit. Iure aut ut repellendus est qui laborum repellendus atque. Aut odio pariatur cumque a et. Autem magnam vel et saepe ratione aut aperiam.', '1979-08-25');
INSERT INTO `Post` (`id`, `authorId`, `title`, `description`, `content`, `date`) VALUES (82, 32, 'Harum sit expedita possimus tenetur et.', 'Ut distinctio ullam incidunt voluptas quae veritatis consequuntur. Rem a laudantium enim et iste est nobis. A dolor est velit debitis qui soluta dolorem dolore. Sed sint ut qui quo.', 'Nisi perspiciatis dolorem labore nam rerum enim saepe. Repudiandae necessitatibus totam non iste quia. Et incidunt molestiae ut mollitia quo laborum cupiditate.', '2023-09-20');
INSERT INTO `Post` (`id`, `authorId`, `title`, `description`, `content`, `date`) VALUES (83, 33, 'Et quisquam voluptas ut aliquid neque.', 'Dolores illum nulla maiores alias sed eos. Non blanditiis quia debitis accusamus ut. Voluptates in expedita magnam sunt unde. Delectus ab asperiores qui pariatur voluptas natus iusto. Illo dolor amet fugit numquam aliquid.', 'Aut vero praesentium maiores nobis ea commodi molestias. Quam quia temporibus quasi enim cum doloremque tempore. Deserunt illum et dolorum et. Earum quas nostrum distinctio nobis dolorem expedita.', '2004-09-07');
INSERT INTO `Post` (`id`, `authorId`, `title`, `description`, `content`, `date`) VALUES (84, 34, 'Blanditiis asperiores officia reprehenderit beatae iste.', 'Quo voluptate blanditiis autem dolor consequatur voluptatum. Corporis aspernatur est facilis et excepturi aliquid delectus dolor.', 'Qui ea asperiores in non facere natus. Aut veritatis distinctio aut debitis id molestiae. Quos quis velit dolores dicta veniam nesciunt voluptatum quia.', '2001-09-05');
INSERT INTO `Post` (`id`, `authorId`, `title`, `description`, `content`, `date`) VALUES (85, 35, 'Maiores sunt quis impedit id.', 'Qui omnis beatae aliquam et delectus. Non unde recusandae inventore occaecati. Dolores magni pariatur consectetur. Est quisquam quisquam sunt perspiciatis.', 'Possimus voluptate quisquam unde velit dicta. Praesentium voluptatem deserunt explicabo porro soluta. Facilis quia ipsum laboriosam et quia.', '1987-04-12');
INSERT INTO `Post` (`id`, `authorId`, `title`, `description`, `content`, `date`) VALUES (86, 36, 'Hic provident aliquam qui nihil.', 'Quos fuga recusandae et eos. Quia occaecati sint aperiam excepturi quia non et architecto. Asperiores et repellendus saepe ut quia quis et.', 'Voluptatibus dolor officiis alias saepe ex porro et iure. Voluptatum consectetur nisi dolorem nemo sint quia. Quas qui est dolore dignissimos.', '1977-03-04');
INSERT INTO `Post` (`id`, `authorId`, `title`, `description`, `content`, `date`) VALUES (87, 37, 'Distinctio ea dolorem rerum aliquam quo.', 'Non id assumenda reprehenderit ex voluptas aut. Suscipit sunt voluptatem enim iure id et. Aut sapiente quia doloremque sequi tempora quis a. Debitis corrupti itaque est ut autem accusamus qui sed.', 'Atque possimus voluptas delectus fugit cupiditate qui aut. Nihil voluptatem laboriosam ut ut est. Ab maxime doloribus aspernatur qui.', '1972-01-14');
INSERT INTO `Post` (`id`, `authorId`, `title`, `description`, `content`, `date`) VALUES (88, 38, 'Tempora id corrupti error eius ut cupiditate rerum.', 'Ut ut id nobis rerum aut molestiae. Voluptatem vel omnis sint fuga. Eligendi et earum libero eos. Facilis sit sit est.', 'Beatae et nostrum sunt necessitatibus. Sed quidem velit quo dolorem harum corporis.', '2001-08-22');
INSERT INTO `Post` (`id`, `authorId`, `title`, `description`, `content`, `date`) VALUES (89, NULL, 'Enim quam qui ratione quia ipsum.', 'Culpa nam sint delectus ea. Asperiores ut quos maxime doloribus aliquam adipisci. Harum recusandae magni voluptatem aut omnis consequatur repudiandae. Recusandae suscipit pariatur voluptatem ipsum harum alias. Vitae doloribus blanditiis ex aut et.', 'Tempora molestias saepe porro ut nihil exercitationem. Sit esse libero provident quia aliquam modi. Nulla officia iure ea iste illum quis.', '2014-04-24');
INSERT INTO `Post` (`id`, `authorId`, `title`, `description`, `content`, `date`) VALUES (90, 40, 'Non iusto nisi quam nemo qui enim dolorem repellendus.', 'Distinctio sequi dolor natus omnis ea suscipit. Distinctio aliquam sequi ea velit sint. Molestiae et libero omnis deleniti consequuntur animi.', 'Dolores voluptatem quidem tempore autem dolor. Non nemo qui modi. Ratione enim est sequi dolorem consequuntur.', '1974-06-21');
INSERT INTO `Post` (`id`, `authorId`, `title`, `description`, `content`, `date`) VALUES (91, 41, 'Repudiandae repellat qui ex eligendi repellendus consequatur.', 'Sit ea quisquam aut perferendis non. Repudiandae laborum culpa odio consectetur. Facilis quis dolorem repellendus laudantium. Incidunt animi aut molestias asperiores quia et.', 'Ex accusamus deserunt est consequuntur in natus. Eveniet ipsum repellendus sit amet voluptas saepe adipisci.', '1996-04-01');
INSERT INTO `Post` (`id`, `authorId`, `title`, `description`, `content`, `date`) VALUES (92, 42, 'Vel quasi asperiores ut itaque.', 'Rerum ipsam eos soluta consequatur et eius optio. Debitis blanditiis a voluptatum molestiae. Iusto reiciendis est perferendis quia sed quibusdam id. Similique ullam fugit voluptatem quidem voluptatibus. Omnis odit necessitatibus eos ipsa ea.', 'Facilis at fugiat voluptates magni unde assumenda ea sunt. Perferendis labore molestiae tempora. Non voluptatem iure rerum totam dolores.', '1998-01-09');
INSERT INTO `Post` (`id`, `authorId`, `title`, `description`, `content`, `date`) VALUES (93, 43, 'Minus beatae molestiae illo qui inventore voluptatibus libero.', 'Minima error natus ipsa ab nihil quia. Qui fugit eius assumenda nisi corporis sit molestias dolores. Esse facilis et recusandae aut.', 'Nobis nemo iure velit veritatis. Rerum sapiente voluptate sunt eum at porro.\nEa et perspiciatis consectetur molestiae ut magnam. Maiores enim ipsa ullam illum eaque rerum.', '2009-03-01');
INSERT INTO `Post` (`id`, `authorId`, `title`, `description`, `content`, `date`) VALUES (94, 44, 'Sunt mollitia nostrum molestiae eligendi molestiae dolore.', 'Ex magni ex dignissimos fuga sed. Reprehenderit soluta est dolores. Culpa dolor voluptatem repudiandae molestiae id expedita fuga.', 'Soluta voluptates possimus quia repellat architecto omnis dolor. Rem repudiandae illo vitae voluptatem odio. Est vitae quia ratione non natus.', '2007-07-05');
INSERT INTO `Post` (`id`, `authorId`, `title`, `description`, `content`, `date`) VALUES (95, 45, 'Quam culpa quisquam distinctio cum non.', 'Quia dolorem provident velit. Itaque similique rerum voluptatem ut necessitatibus minima ut.', 'Reiciendis doloremque a maxime similique. Dignissimos nihil dolorem minima repellat quibusdam.', '1991-10-23');
INSERT INTO `Post` (`id`, `authorId`, `title`, `description`, `content`, `date`) VALUES (96, 46, 'Vel beatae sapiente est officiis.', 'Animi voluptatum sunt iure illo. Ea ut eius explicabo qui distinctio ratione. Et alias quasi doloremque maxime odit aut. Labore omnis et aut in qui ut consequuntur.', 'Inventore esse quos perferendis eos et velit. Iste dolorem inventore maxime consequuntur. Alias natus corrupti quis blanditiis ut facere.', '1970-09-03');
INSERT INTO `Post` (`id`, `authorId`, `title`, `description`, `content`, `date`) VALUES (97, 47, 'Qui omnis impedit minima fugit dolores voluptas.', 'Et consectetur et modi sit vero dicta nihil. Id aut sequi eum vero.', 'Cumque nostrum et sapiente fugiat molestiae tempore. Sed repellat id modi repellendus vitae esse quos.', '1984-05-03');
INSERT INTO `Post` (`id`, `authorId`, `title`, `description`, `content`, `date`) VALUES (98, 48, 'Voluptas et voluptates tenetur.', 'Ullam quo distinctio quia aut et eum temporibus. Ex porro consequatur ea debitis odit fugiat nam dignissimos. Temporibus voluptatibus debitis ut labore in.', 'Aut vitae et consectetur adipisci sit ut magnam. Dolor dolor debitis sint et provident. Rerum eos molestiae explicabo et mollitia minus.', '2000-03-05');
INSERT INTO `Post` (`id`, `authorId`, `title`, `description`, `content`, `date`) VALUES (99, 49, 'Voluptatum quisquam nihil iste consequuntur qui dicta et.', 'Ea alias est voluptatem autem autem quia. Delectus consequatur voluptatibus laudantium mollitia est eligendi. Quis repudiandae perspiciatis qui voluptas.', 'Qui saepe aperiam odit. Numquam repellendus iusto voluptate soluta aut repellat possimus.', '1986-09-27');
INSERT INTO `Post` (`id`, `authorId`, `title`, `description`, `content`, `date`) VALUES (100, 50, 'Voluptas molestias aut at doloremque quibusdam et explicabo.', 'Dolores sed itaque sapiente quod. Ut nihil laudantium voluptatem eaque fuga architecto eos. Dolores maiores repudiandae qui natus dolorem eligendi molestiae debitis.', 'Dolor repellat ducimus dolorum et in et sit. Commodi consequatur sit mollitia rem saepe quasi vitae. Laborum atque eveniet qui est. Similique voluptates animi tenetur molestiae provident et.', '1981-06-30');


#
# TABLE STRUCTURE FOR: Sponsorship
#

DROP TABLE IF EXISTS `Sponsorship`;

CREATE TABLE `Sponsorship` (
  `id` int(11) NOT NULL AUTO_INCREMENT,
  `authorSponsored` int(11) DEFAULT NULL,
  `companyName` varchar(50) DEFAULT NULL,
  `amount` int(11) DEFAULT NULL,
  PRIMARY KEY (`id`)
) ENGINE=InnoDB AUTO_INCREMENT=31 DEFAULT CHARSET=utf8mb4 COLLATE=utf8mb4_general_ci;

INSERT INTO `Sponsorship` (`id`, `authorSponsored`, `companyName`, `amount`) VALUES (1, 1, 'Prohaska-Mayert', 25309);
INSERT INTO `Sponsorship` (`id`, `authorSponsored`, `companyName`, `amount`) VALUES (2, 2, 'Prosacco and Sons', 47316);
INSERT INTO `Sponsorship` (`id`, `authorSponsored`, `companyName`, `amount`) VALUES (3, 3, 'Hirthe-Russel', 38146);
INSERT INTO `Sponsorship` (`id`, `authorSponsored`, `companyName`, `amount`) VALUES (4, 4, 'Feeney Inc', 31630);
INSERT INTO `Sponsorship` (`id`, `authorSponsored`, `companyName`, `amount`) VALUES (5, 5, 'Franecki Ltd', 6484);
INSERT INTO `Sponsorship` (`id`, `authorSponsored`, `companyName`, `amount`) VALUES (6, 6, 'Hane-Sanford', 15150);
INSERT INTO `Sponsorship` (`id`, `authorSponsored`, `companyName`, `amount`) VALUES (7, 7, 'Brekke, Kris and Weber', 18719);
INSERT INTO `Sponsorship` (`id`, `authorSponsored`, `companyName`, `amount`) VALUES (8, 8, 'Heaney PLC', 4192);
INSERT INTO `Sponsorship` (`id`, `authorSponsored`, `companyName`, `amount`) VALUES (9, 9, 'Upton, Shanahan and Shanahan', 4884);
INSERT INTO `Sponsorship` (`id`, `authorSponsored`, `companyName`, `amount`) VALUES (10, 10, 'Cartwright Group', 14168);
INSERT INTO `Sponsorship` (`id`, `authorSponsored`, `companyName`, `amount`) VALUES (11, 11, 'Lesch, Thompson and Kling', 4054);
INSERT INTO `Sponsorship` (`id`, `authorSponsored`, `companyName`, `amount`) VALUES (12, 12, 'Russel, Goldner and Bashirian', 48545);
INSERT INTO `Sponsorship` (`id`, `authorSponsored`, `companyName`, `amount`) VALUES (13, 13, 'Kuhlman-Ebert', 28765);
INSERT INTO `Sponsorship` (`id`, `authorSponsored`, `companyName`, `amount`) VALUES (14, 14, 'Thiel LLC', 4335);
INSERT INTO `Sponsorship` (`id`, `authorSponsored`, `companyName`, `amount`) VALUES (15, 15, 'Smitham-Gutkowski', 40175);
INSERT INTO `Sponsorship` (`id`, `authorSponsored`, `companyName`, `amount`) VALUES (16, 16, 'Bartell-Lebsack', 29819);
INSERT INTO `Sponsorship` (`id`, `authorSponsored`, `companyName`, `amount`) VALUES (17, 17, 'Cormier LLC', 23044);
INSERT INTO `Sponsorship` (`id`, `authorSponsored`, `companyName`, `amount`) VALUES (18, 18, 'Stanton-Paucek', 9401);
INSERT INTO `Sponsorship` (`id`, `authorSponsored`, `companyName`, `amount`) VALUES (19, 19, 'Rice, Kreiger and O\'Reilly', 2012);
INSERT INTO `Sponsorship` (`id`, `authorSponsored`, `companyName`, `amount`) VALUES (20, 20, 'Lubowitz PLC', 8379);
INSERT INTO `Sponsorship` (`id`, `authorSponsored`, `companyName`, `amount`) VALUES (21, 21, 'Swift-Nikolaus', 7701);
INSERT INTO `Sponsorship` (`id`, `authorSponsored`, `companyName`, `amount`) VALUES (22, 22, 'Emard-Bernhard', 35896);
INSERT INTO `Sponsorship` (`id`, `authorSponsored`, `companyName`, `amount`) VALUES (23, 23, 'Hammes, Crooks and Durgan', 7670);
INSERT INTO `Sponsorship` (`id`, `authorSponsored`, `companyName`, `amount`) VALUES (24, 24, 'Dicki-Langosh', 44677);
INSERT INTO `Sponsorship` (`id`, `authorSponsored`, `companyName`, `amount`) VALUES (25, 25, 'Roberts, Shields and Ebert', 35083);
INSERT INTO `Sponsorship` (`id`, `authorSponsored`, `companyName`, `amount`) VALUES (26, 26, 'Langosh-Nolan', 32311);
INSERT INTO `Sponsorship` (`id`, `authorSponsored`, `companyName`, `amount`) VALUES (27, 27, 'Labadie, Harvey and Adams', 21576);
INSERT INTO `Sponsorship` (`id`, `authorSponsored`, `companyName`, `amount`) VALUES (28, 28, 'Schinner-Hackett', 28367);
INSERT INTO `Sponsorship` (`id`, `authorSponsored`, `companyName`, `amount`) VALUES (29, 29, 'Connelly-Smith', 27279);
INSERT INTO `Sponsorship` (`id`, `authorSponsored`, `companyName`, `amount`) VALUES (30, 30, 'Walsh Group', 3678);
